{"cameraMode":{"drawMode":0,"name":"Shaded","section":"Shading Mode"},"sceneLighting":false,"audioPlay":false,"sceneViewState":{"showFog":false,"showMaterialUpdate":false,"showSkybox":true,"showFlares":true,"showImageEffects":true,"showParticleSystems":true},"in2DMode":false,"pivot":{"x":25.10913848876953,"y":3.7391233444213869,"z":114.87071990966797},"rotation":{"x":-0.085235096514225,"y":0.9142796993255615,"z":-0.295187771320343,"w":-0.26399219036102297},"size":27.058963775634767,"orthographic":false}