{"cameraMode":{"drawMode":0,"name":"Shaded","section":"Shading Mode"},"sceneLighting":false,"audioPlay":false,"sceneViewState":{"showFog":false,"showMaterialUpdate":false,"showSkybox":true,"showFlares":true,"showImageEffects":true,"showParticleSystems":true},"in2DMode":false,"pivot":{"x":1.440000057220459,"y":1.7200000286102296,"z":0.0},"rotation":{"x":-0.12039437144994736,"y":0.8794670701026917,"z":-0.33375900983810427,"w":-0.3172505497932434},"size":2.8578836917877199,"orthographic":false}