{"cameraMode":{"drawMode":0,"name":"Shaded","section":"Shading Mode"},"sceneLighting":false,"audioPlay":false,"sceneViewState":{"showFog":true,"showMaterialUpdate":false,"showSkybox":true,"showFlares":true,"showImageEffects":true,"showParticleSystems":true},"in2DMode":false,"pivot":{"x":57.5,"y":1.600000023841858,"z":-115.0999984741211},"rotation":{"x":-0.04989300295710564,"y":0.9269951581954956,"z":-0.13329283893108369,"w":-0.3470212519168854},"size":128.66659545898438,"orthographic":false}